<?xml version="1.0" encoding="UTF-8"?>
<!DOCTYPE mapper
PUBLIC "-//mybatis.org//DTD Mapper 3.0//EN"
"http://mybatis.org/dtd/mybatis-3-mapper.dtd">
<mapper namespace="edu.spring.hotel.ReservatMapper">

	<!-- 호텔 예약 -->
	<insert id="insert">
		insert into ${reservat} (${hotelNo}, ${reservatPrice}, ${reservatUserid},
						${reservatNight}, ${reservatPeople}, ${checkIn}, ${checkOut})
		values (#{hotelNo}, #{reservatPrice}, #{reservatUserid},
						#{reservatNight}, #{reservatPeople}, #{checkIn}, #{checkOut})
	</insert>

	<!-- 호텔 예약 수정 -->
	<update id="update">
		update ${reservat}
		set ${reservatPeople} = #{reservatPeople},
		${checkIn} = #{checkIn},
		${checkOut} = #{checkOut},
		${reservatNight} = #{reservatNight},
		${reservatPrice} = #{reservatPrice}
		where ${reservatNo} = #{reservatNo}
	</update>

	<!-- 호텔 예약 취소 -->
	<delete id="delete">
		delete from ${reservat}
		where ${reservatNo} = #{reservatNo}
	</delete>
	
	<!-- 내가 예약한 호텔 리스트 보기 -->
	<select id="select_by_reservatUserid" resultType="ReservatVO">
		select ${reservat}.${reservatUserid}, ${reservat}.${checkIn}, ${reservat}.${checkOut},
		${reservat}.${hotelNo}, ${hotel}.${hotelTitle}, ${reservat}.${reservatNight},
		 ${reservat}.${reservatPeople}, ${reservat}.${reservatPrice},
		${reservat}.${reservatCdate}, ${reservat}.${reservatNo}
		from ${reservat}, ${hotel}
		where ${reservat}.${hotelNo} = ${hotel}.${hotelNo}
		and ${reservat}.${reservatUserid} = #{reservatUserid}
		order by ${reservat}.${reservatNo} desc
	</select>

	<!-- 호텔 해당 예약 리스트 보기 -->	
	<select id="select_by_hotelNo" resultType="ReservatVO">
		elect ${reservat}.${reservatUserid}, ${reservat}.${checkIn}, ${reservat}.${checkOut},
		${reservat}.${hotelNo}, ${hotel}.${hotelTitle}, ${reservat}.${reservatNight},
		${reservat}.${reservatPeople}, ${reservat}.${reservatPrice},
		${reservat}.${reservatCdate}, ${reservat}.${reservatNo}
		from ${reservat}, ${hotel}
		where ${reservat}.${hotelNo} = ${hotel}.${hotelNo}
		and ${reservat}.${hotelNo} = #{hotelNo}
		order by ${reservat}.${reservatNo} desc
	</select>
	
	<!-- 호텔 예약 번호로 검색 -->
	<select id="select_by_reservatNo" resultType="ReservatVO">
 		select ${reservat}.${reservatUserid}, ${reservat}.${checkIn}, ${reservat}.${checkOut},
		${reservat}.${hotelNo}, ${hotel}.${hotelTitle}, ${reservat}.${reservatNight},
		${reservat}.${reservatPeople}, ${reservat}.${reservatPrice},
		${reservat}.${reservatCdate}, ${reservat}.${reservatNo}
		from ${reservat}, ${hotel}
		where ${reservat}.${hotelNo} = ${hotel}.${hotelNo}
		and ${reservat}.${reservatNo} = #{reservatNo}
	</select>
	
	<!-- 유저가 해당 호텔을 예약한적이 있을 경우  -->
	<select id="select_by_reservatUserid_hotelNo" resultType="ReservatVO">
		select * from ${reservat}
		where ${hotelNo} = #{hotelNo}
		and ${reservatUserid} = #{reservatUserid}
	</select>
</mapper>