<?xml version="1.0" encoding="UTF-8"?>
<!DOCTYPE mapper
PUBLIC "-//mybatis.org//DTD Mapper 3.0//EN"
"http://mybatis.org/dtd/mybatis-3-mapper.dtd">
<mapper namespace="edu.spring.hotel.ReviewMapper">
	<!-- 리뷰 작성 -->
	<insert id="insert">
		insert into ${review} (${hotelNo}, ${reviewWriter}, ${reviewContent}, ${reviewGrade}, ${reviewPic})
		values (#{hotelNo}, #{reviewWriter}, #{reviewContent}, #{reviewGrade}, #{reviewPic})
	</insert>

	<!-- 리뷰 업데이트 -->
	<update id="update">
		update ${review}
		set ${reviewContent} = #{reviewContent},
		${reviewGrade} = #{reviewGrade},
		${reviewPic} = #{reviewPic}
		where ${reviewNo} = #{reviewNo}
	</update>
	
	<!-- 리뷰 삭제 -->
	<delete id="delete">
		delete from ${review}
		where ${reviewNo} = #{reviewNo}
	</delete>
	
	<!-- 리뷰 전체 검색 -->
	<select id="select_all" resultType="ReviewVO">
		select * from ${review}
		order by ${reviewNo} desc
	</select>
	
	<!-- 리뷰 번호로 해당 리뷰 검색 -->
	<select id="select_by_reviewno" resultType="ReviewVO">
		select * from ${review}
		where ${reviewNo} = #{reviewNo}
	</select>
	
	<!-- 리뷰번호로 해당 리뷰 검색(호텔이름도 같이검색) -->
	<select id="select_by_review_no" resultType="ReviewVO">
		select ${review}.${reviewNo}, ${review}.${hotelNo}, ${hotel}.${hotelTitle}, 
		${review}.${reviewContent}, ${review}.${reviewGrade}, ${review}.${reviewPic},
		${review}.${reviewWriter}, ${review}.${reviewCdate}
		from ${review} , ${hotel}
		where ${review}.${hotelNo} = ${hotel}.${hotelNo} 
		and ${review}.${reviewNo} = #{reviewNo}
	</select>
	
	<!-- 호텔의 리뷰 검색 -->
	<select id="select_by_hotel_no" resultType="ReviewVO">
		select ${review}.${reviewNo}, ${review}.${hotelNo}, ${hotel}.${hotelTitle}, 
		${review}.${reviewContent}, ${review}.${reviewGrade}, ${review}.${reviewPic},
		${review}.${reviewWriter}, ${review}.${reviewCdate}
		from ${review} , ${hotel}
		where ${review}.${hotelNo} = ${hotel}.${hotelNo}
		and ${review}.${hotelNo} = #{hotelNo}
		order by ${review}.${reviewNo} desc
	</select>
	
	<!-- 내가 작성한 리뷰 보기 -->
	<select id="select_by_writer" resultType="ReviewVO">
		select ${review}.${reviewNo}, ${review}.${hotelNo}, ${hotel}.${hotelTitle}, 
		${review}.${reviewContent}, ${review}.${reviewGrade}, ${review}.${reviewPic},
		${review}.${reviewWriter}, ${review}.${reviewCdate}
		from ${review} , ${hotel}
		where ${review}.${hotelNo} = ${hotel}.${hotelNo} 
		and ${review}.${reviewWriter} = #{reviewWriter}
		order by ${review}.${reviewNo} desc
	</select>
	
</mapper>